<?xml version="1.0" encoding="utf-8"?>
<StageSettings>
    <ShadowDistance>58</ShadowDistance>
    <CameraPositionY>2</CameraPositionY>
    <NormalObjects>
        <string>StageSwapperNormal</string>
    </NormalObjects>
    <EclipseObjects>
        <string>StageSwapperEclipse</string>
    </EclipseObjects>
    <IntroCamShots>
        <CamShot>
            <StartCam>
                <x>3.77</x>
                <y>1.147</y>
                <z>-0.21965</z>
                <rotX>-0.136</rotX>
                <rotY>35.408</rotY>
                <rotZ>0</rotZ>
            </StartCam>
            <EndCam>
                <x>2.607</x>
                <y>1.147</y>
                <z>0.583</z>
                <rotX>-0.136</rotX>
                <rotY>35.408</rotY>
                <rotZ>0</rotZ>
            </EndCam>
            <Duration>1.8</Duration>
            <Smooth>false</Smooth>
        </CamShot>
		<CamShot>
            <StartCam>
                <x>1.21</x>
                <y>0.595582</y>
                <z>4.70914</z>
                <rotX>-8.9</rotX>
                <rotY>17.016</rotY>
                <rotZ>0</rotZ>
            </StartCam>
            <EndCam>
                <x>1.036</x>
                <y>0.496</y>
                <z>4.101</z>
                <rotX>-8.9</rotX>
                <rotY>17.016</rotY>
                <rotZ>0</rotZ>
            </EndCam>
            <Duration>1</Duration>
            <Smooth>false</Smooth>
        </CamShot>
		<CamShot>
            <StartCam>
                <x>-4.622</x>
                <y>2</y>
                <z>-9.065954</z>
                <rotX>-7.699</rotX>
                <rotY>22.001</rotY>
                <rotZ>0</rotZ>
            </StartCam>
            <EndCam>
                <x>-0.2</x>
                <y>2</y>
                <z>-15.625</z>
                <rotX>0</rotX>
                <rotY>0</rotY>
                <rotZ>0</rotZ>
            </EndCam>
            <Duration>1.2</Duration>
            <Smooth>true</Smooth>
        </CamShot>
    </IntroCamShots>

</StageSettings>